ID,e_city_id,s_city_id,NOMBORIGEN,EMP07_1,EMP07_2,EMP07_3,EMP07_4,EMP07_5,EMP07_6,EMP07_7,EMP07_8,EMP07_9,EMP07_10,TOTAL_PERSONAS,s_lon,s_lat,e_lon,e_lat,Region_origen,Region_destino,Flujo_Migratorio
845,10201,10101,10101. Dpto. Amazonas   Prov. Chachapoyas   Dist. Chachapoyas,-,11,6,3,8,3,5,9,15,8,68,-77.85649173,-6.24773573,-78.52098269,-5.58091287,SIERRA,SELVA,SIERRA-SELVA
900,10201,60401,60401. Dpto. Cajamarca   Prov. Chota   Dist. Chota,-,-,-,1,4,14,1,3,37,2,62,-78.64262591,-6.56002952,-78.52098269,-5.58091287,SIERRA,SELVA,SIERRA-SELVA
1669,10307,10101,10101. Dpto. Amazonas   Prov. Chachapoyas   Dist. Chachapoyas,-,12,4,-,7,6,1,5,9,4,48,-77.85649173,-6.24773573,-78.02343195,-5.94537414,SIERRA,SELVA,SIERRA-SELVA
1837,10312,60417,60417. Dpto. Cajamarca   Prov. Chota   Dist. Tacabamba,-,-,-,-,-,16,-,-,21,1,38,-78.55611135,-6.39870169,-77.8605491,-5.52432941,SIERRA,SELVA,SIERRA-SELVA
2846,10601,10101,10101. Dpto. Amazonas   Prov. Chachapoyas   Dist. Chachapoyas,-,7,5,2,9,8,14,5,15,1,66,-77.85649173,-6.24773573,-77.43895768,-6.37280618,SIERRA,SELVA,SIERRA-SELVA
3160,10609,10101,10101. Dpto. Amazonas   Prov. Chachapoyas   Dist. Chachapoyas,-,13,1,2,1,6,1,-,14,1,39,-77.85649173,-6.24773573,-77.3544311,-6.40540732,SIERRA,SELVA,SIERRA-SELVA
3390,10701,60401,60401. Dpto. Cajamarca   Prov. Chota   Dist. Chota,-,-,-,-,4,10,3,3,19,1,40,-78.64262591,-6.56002952,-78.4399999,-5.83884181,SIERRA,SELVA,SIERRA-SELVA
3409,10701,10101,10101. Dpto. Amazonas   Prov. Chachapoyas   Dist. Chachapoyas,-,11,2,8,7,3,3,7,5,2,48,-77.85649173,-6.24773573,-78.4399999,-5.83884181,SIERRA,SELVA,SIERRA-SELVA
30271,50407,50101,50101. Dpto. Ayacucho   Prov. Huamanga   Dist. Ayacucho,3,23,7,2,9,19,1,4,17,-,85,-74.25197809,-13.13475583,-73.99644832,-12.60382287,SIERRA,SELVA,SIERRA-SELVA
30288,50407,50401,50401. Dpto. Ayacucho   Prov. Huanta   Dist. Huanta,-,54,1,4,10,44,6,8,72,1,200,-74.2114593,-12.9120375,-73.99644832,-12.60382287,SIERRA,SELVA,SIERRA-SELVA
30369,50407,50406,50406. Dpto. Ayacucho   Prov. Huanta   Dist. Santillana,-,-,-,-,-,7,-,-,33,1,41,-74.24200382,-12.6712124,-73.99644832,-12.60382287,SIERRA,SELVA,SIERRA-SELVA
30384,50408,50101,50101. Dpto. Ayacucho   Prov. Huamanga   Dist. Ayacucho,-,28,3,3,16,24,4,5,17,4,104,-74.25197809,-13.13475583,-74.08254991,-12.44443809,SIERRA,SELVA,SIERRA-SELVA
30401,50408,120101,120101. Dpto. Junin   Prov. Huancayo   Dist. Huancayo,-,-,-,-,2,17,-,1,18,1,39,-75.07127978,-11.99332312,-74.08254991,-12.44443809,SIERRA,SELVA,SIERRA-SELVA
30415,50408,90501,90501. Dpto. Huancavelica   Prov. Churcampa   Dist. Churcampa,-,1,-,-,-,76,-,-,47,4,128,-74.38487986,-12.71049166,-74.08254991,-12.44443809,SIERRA,SELVA,SIERRA-SELVA
30445,50408,90506,90506. Dpto. Huancavelica   Prov. Churcampa   Dist. Locroja,-,-,-,-,3,10,-,1,16,-,30,-74.45471896,-12.71735261,-74.08254991,-12.44443809,SIERRA,SELVA,SIERRA-SELVA
30465,50408,50405,50405. Dpto. Ayacucho   Prov. Huanta   Dist. Luricocha,-,5,-,-,1,22,-,-,11,-,39,-74.27443184,-12.86081199,-74.08254991,-12.44443809,SIERRA,SELVA,SIERRA-SELVA
30484,50408,90705,90705. Dpto. Huancavelica   Prov. Tayacaja   Dist. Colcabamba,-,-,-,-,-,36,-,-,23,1,60,-74.70044589,-12.38509632,-74.08254991,-12.44443809,SIERRA,SELVA,SIERRA-SELVA
30521,50408,90103,90103. Dpto. Huancavelica   Prov. Huancavelica   Dist. Acoria,-,-,-,-,1,18,-,-,16,1,36,-74.82352823,-12.59957656,-74.08254991,-12.44443809,SIERRA,SELVA,SIERRA-SELVA
30557,50408,50406,50406. Dpto. Ayacucho   Prov. Huanta   Dist. Santillana,-,1,-,1,-,85,-,-,54,1,142,-74.24200382,-12.6712124,-74.08254991,-12.44443809,SIERRA,SELVA,SIERRA-SELVA
30568,50408,50401,50401. Dpto. Ayacucho   Prov. Huanta   Dist. Huanta,1,45,1,-,32,136,6,11,128,14,374,-74.2114593,-12.9120375,-74.08254991,-12.44443809,SIERRA,SELVA,SIERRA-SELVA
30838,50503,50501,50501. Dpto. Ayacucho   Prov. La Mar   Dist. San Miguel,-,7,1,1,3,8,-,-,14,-,34,-73.94265019,-13.03606488,-73.89090507,-12.72847686,SIERRA,SELVA,SIERRA-SELVA
30846,50503,50101,50101. Dpto. Ayacucho   Prov. Huamanga   Dist. Ayacucho,-,47,12,9,22,20,7,22,16,16,171,-74.25197809,-13.13475583,-73.89090507,-12.72847686,SIERRA,SELVA,SIERRA-SELVA
30857,50503,50401,50401. Dpto. Ayacucho   Prov. Huanta   Dist. Huanta,-,6,1,-,9,9,1,5,10,2,43,-74.2114593,-12.9120375,-73.89090507,-12.72847686,SIERRA,SELVA,SIERRA-SELVA
30910,50503,50508,50508. Dpto. Ayacucho   Prov. La Mar   Dist. Tambo,-,1,-,-,5,15,3,2,13,1,40,-74.02309958,-12.91229551,-73.89090507,-12.72847686,SIERRA,SELVA,SIERRA-SELVA
31026,50507,50508,50508. Dpto. Ayacucho   Prov. La Mar   Dist. Tambo,-,1,-,-,2,21,-,2,30,-,56,-74.02309958,-12.91229551,-73.78934252,-12.76459802,SIERRA,SELVA,SIERRA-SELVA
31027,50507,50101,50101. Dpto. Ayacucho   Prov. Huamanga   Dist. Ayacucho,-,34,4,2,20,17,4,6,37,7,131,-74.25197809,-13.13475583,-73.78934252,-12.76459802,SIERRA,SELVA,SIERRA-SELVA
31030,50507,50401,50401. Dpto. Ayacucho   Prov. Huanta   Dist. Huanta,-,9,2,-,9,48,2,4,49,3,126,-74.2114593,-12.9120375,-73.78934252,-12.76459802,SIERRA,SELVA,SIERRA-SELVA
31095,50507,50501,50501. Dpto. Ayacucho   Prov. La Mar   Dist. San Miguel,-,5,-,-,2,23,-,1,39,-,70,-73.94265019,-13.03606488,-73.78934252,-12.76459802,SIERRA,SELVA,SIERRA-SELVA
31139,50507,50403,50403. Dpto. Ayacucho   Prov. Huanta   Dist. Huamanguilla,-,-,-,1,2,12,-,-,24,-,39,-74.15894645,-12.99265488,-73.78934252,-12.76459802,SIERRA,SELVA,SIERRA-SELVA
37250,60607,60601,60601. Dpto. Cajamarca   Prov. Cutervo   Dist. Cutervo,-,43,3,-,-,1,-,-,4,1,52,-78.83296121,-6.38002946,-79.0916431,-6.19681501,SIERRA,SELVA,SIERRA-SELVA
37437,60612,60601,60601. Dpto. Cajamarca   Prov. Cutervo   Dist. Cutervo,-,4,5,-,2,9,2,8,10,-,40,-78.83296121,-6.38002946,-78.8427211,-6.25796193,SIERRA,SELVA,SIERRA-SELVA
38062,60801,60613,60613. Dpto. Cajamarca   Prov. Cutervo   Dist. Santo Tomas,-,1,-,2,10,12,4,4,21,2,56,-78.67764662,-6.11859833,-78.85251806,-5.77021239,SIERRA,SELVA,SIERRA-SELVA
38156,60801,60101,60101. Dpto. Cajamarca   Prov. Cajamarca   Dist. Cajamarca,-,24,13,11,10,12,5,13,15,2,105,-78.56108812,-7.07751247,-78.85251806,-5.77021239,SIERRA,SELVA,SIERRA-SELVA
38174,60801,60601,60601. Dpto. Cajamarca   Prov. Cutervo   Dist. Cutervo,-,5,5,2,20,15,19,5,29,7,107,-78.83296121,-6.38002946,-78.85251806,-5.77021239,SIERRA,SELVA,SIERRA-SELVA
38202,60801,60401,60401. Dpto. Cajamarca   Prov. Chota   Dist. Chota,-,2,2,1,2,9,1,5,13,1,36,-78.64262591,-6.56002952,-78.85251806,-5.77021239,SIERRA,SELVA,SIERRA-SELVA
38724,60808,140202,140202. Dpto. Lambayeque   Prov. FerreÃ±afe   Dist. CaÃ±aris,-,1,-,1,2,13,-,3,16,-,36,-79.30468893,-6.06021534,-79.1236611,-6.04002002,SIERRA,SELVA,SIERRA-SELVA
39159,60901,200301,200301. Dpto. Piura   Prov. Huancabamba   Dist. Huancabamba,-,3,1,-,1,18,2,2,27,-,54,-79.49747085,-5.19683622,-79.00775629,-5.14042274,SIERRA,SELVA,SIERRA-SELVA
39224,60901,200206,200206. Dpto. Piura   Prov. Ayabaca   Dist. Pacaipampa,-,-,-,-,1,16,-,-,30,-,47,-79.64887243,-4.94646608,-79.00775629,-5.14042274,SIERRA,SELVA,SIERRA-SELVA
39573,60904,200301,200301. Dpto. Piura   Prov. Huancabamba   Dist. Huancabamba,-,1,-,-,-,6,1,-,36,1,45,-79.49747085,-5.19683622,-78.97336761,-5.3898412,SIERRA,SELVA,SIERRA-SELVA
39832,60907,200301,200301. Dpto. Piura   Prov. Huancabamba   Dist. Huancabamba,-,5,1,-,1,35,3,1,38,-,84,-79.49747085,-5.19683622,-79.2154078,-5.32438083,SIERRA,SELVA,SIERRA-SELVA
39888,60907,200308,200308. Dpto. Piura   Prov. Huancabamba   Dist. Sondorillo,-,-,-,-,-,15,1,-,22,-,38,-79.46006159,-5.39788218,-79.2154078,-5.32438083,SIERRA,SELVA,SIERRA-SELVA
47082,80408,80101,80101. Dpto. Cusco   Prov. Cusco   Dist. Cusco,1,11,3,3,6,-,2,3,4,3,36,-71.9876066,-13.49254085,-72.10508603,-12.79569713,SIERRA,SELVA,SIERRA-SELVA
47086,80408,80404,80404. Dpto. Cusco   Prov. Calca   Dist. Lares,-,1,-,-,1,10,-,-,18,-,30,-72.02603237,-13.08600667,-72.10508603,-12.79569713,SIERRA,SELVA,SIERRA-SELVA
47112,80408,80401,80401. Dpto. Cusco   Prov. Calca   Dist. Calca,1,17,4,1,6,5,1,5,21,2,63,-71.95777705,-13.26872231,-72.10508603,-12.79569713,SIERRA,SELVA,SIERRA-SELVA
48993,80901,80909,80909. Dpto. Cusco   Prov. La Convencion   Dist. Vilcabamba,1,6,1,-,11,7,13,8,29,3,79,-73.05115261,-13.05337383,-72.74337297,-12.87681056,SIERRA,SELVA,SIERRA-SELVA
49001,80901,80601,80601. Dpto. Cusco   Prov. Canchis   Dist. Sicuani,-,12,-,4,15,1,3,7,8,5,55,-71.10360857,-14.25101723,-72.74337297,-12.87681056,SIERRA,SELVA,SIERRA-SELVA
49023,80901,81301,81301. Dpto. Cusco   Prov. Urubamba   Dist. Urubamba,-,4,-,-,6,4,3,5,8,1,31,-72.13126781,-13.24494357,-72.74337297,-12.87681056,SIERRA,SELVA,SIERRA-SELVA
49031,80901,80108,80108. Dpto. Cusco   Prov. Cusco   Dist. Wanchaq,1,40,15,13,12,2,2,3,16,4,108,-71.95120435,-13.53128184,-72.74337297,-12.87681056,SIERRA,SELVA,SIERRA-SELVA
49039,80901,80105,80105. Dpto. Cusco   Prov. Cusco   Dist. San Sebastian,1,22,6,4,13,1,4,8,7,4,70,-71.92574638,-13.53325367,-72.74337297,-12.87681056,SIERRA,SELVA,SIERRA-SELVA
49064,80901,80106,80106. Dpto. Cusco   Prov. Cusco   Dist. Santiago,-,21,8,6,22,8,14,28,22,11,140,-71.97854374,-13.57304538,-72.74337297,-12.87681056,SIERRA,SELVA,SIERRA-SELVA
49073,80901,80101,80101. Dpto. Cusco   Prov. Cusco   Dist. Cusco,-,51,20,11,36,9,21,11,27,9,195,-71.9876066,-13.49254085,-72.74337297,-12.87681056,SIERRA,SELVA,SIERRA-SELVA
49115,80902,80105,80105. Dpto. Cusco   Prov. Cusco   Dist. San Sebastian,-,8,1,1,4,8,1,-,31,1,55,-71.92574638,-13.53325367,-72.98313413,-12.41825308,SIERRA,SELVA,SIERRA-SELVA
49164,80902,80108,80108. Dpto. Cusco   Prov. Cusco   Dist. Wanchaq,-,11,5,-,1,10,1,1,13,-,42,-71.95120435,-13.53128184,-72.98313413,-12.41825308,SIERRA,SELVA,SIERRA-SELVA
49229,80902,30101,30101. Dpto. Apurimac   Prov. Abancay   Dist. Abancay,-,1,-,-,3,7,-,-,19,-,30,-72.87161162,-13.63584151,-72.98313413,-12.41825308,SIERRA,SELVA,SIERRA-SELVA
49262,80902,81212,81212. Dpto. Cusco   Prov. Quispicanchi   Dist. Quiquijana,-,-,-,-,3,10,-,-,23,-,36,-71.53316917,-13.80561249,-72.98313413,-12.41825308,SIERRA,SELVA,SIERRA-SELVA
49276,80902,80401,80401. Dpto. Cusco   Prov. Calca   Dist. Calca,-,2,1,-,-,9,1,5,12,-,30,-71.95777705,-13.26872231,-72.98313413,-12.41825308,SIERRA,SELVA,SIERRA-SELVA
49280,80902,80601,80601. Dpto. Cusco   Prov. Canchis   Dist. Sicuani,-,7,1,-,-,8,-,6,27,1,50,-71.10360857,-14.25101723,-72.98313413,-12.41825308,SIERRA,SELVA,SIERRA-SELVA
49283,80902,80106,80106. Dpto. Cusco   Prov. Cusco   Dist. Santiago,-,6,2,2,6,13,1,2,37,1,70,-71.97854374,-13.57304538,-72.98313413,-12.41825308,SIERRA,SELVA,SIERRA-SELVA
49295,80902,80101,80101. Dpto. Cusco   Prov. Cusco   Dist. Cusco,1,19,3,3,11,59,-,7,61,14,178,-71.9876066,-13.49254085,-72.98313413,-12.41825308,SIERRA,SELVA,SIERRA-SELVA
49305,80902,81301,81301. Dpto. Cusco   Prov. Urubamba   Dist. Urubamba,-,5,-,-,2,9,1,2,18,-,37,-72.13126781,-13.24494357,-72.98313413,-12.41825308,SIERRA,SELVA,SIERRA-SELVA
49318,80902,80909,80909. Dpto. Cusco   Prov. La Convencion   Dist. Vilcabamba,-,4,1,-,2,16,1,2,29,-,55,-73.05115261,-13.05337383,-72.98313413,-12.41825308,SIERRA,SELVA,SIERRA-SELVA
49383,80903,80106,80106. Dpto. Cusco   Prov. Cusco   Dist. Santiago,-,2,3,3,3,5,1,5,12,-,34,-71.97854374,-13.57304538,-72.47328571,-13.05095326,SIERRA,SELVA,SIERRA-SELVA
49412,80903,80101,80101. Dpto. Cusco   Prov. Cusco   Dist. Cusco,-,7,2,1,5,5,3,8,6,2,39,-71.9876066,-13.49254085,-72.47328571,-13.05095326,SIERRA,SELVA,SIERRA-SELVA
49515,80904,80101,80101. Dpto. Cusco   Prov. Cusco   Dist. Cusco,1,12,2,2,1,4,-,2,5,3,32,-71.9876066,-13.49254085,-72.64382186,-12.93756088,SIERRA,SELVA,SIERRA-SELVA
49609,80906,80404,80404. Dpto. Cusco   Prov. Calca   Dist. Lares,-,-,-,-,1,12,-,-,21,-,34,-72.02603237,-13.08600667,-72.44506999,-12.5071221,SIERRA,SELVA,SIERRA-SELVA
49650,80906,80401,80401. Dpto. Cusco   Prov. Calca   Dist. Calca,-,7,-,-,3,27,1,2,50,2,92,-71.95777705,-13.26872231,-72.44506999,-12.5071221,SIERRA,SELVA,SIERRA-SELVA
49652,80906,80106,80106. Dpto. Cusco   Prov. Cusco   Dist. Santiago,1,4,2,1,4,8,4,4,4,3,35,-71.97854374,-13.57304538,-72.44506999,-12.5071221,SIERRA,SELVA,SIERRA-SELVA
49677,80906,80101,80101. Dpto. Cusco   Prov. Cusco   Dist. Cusco,-,11,2,2,4,11,-,3,25,1,59,-71.9876066,-13.49254085,-72.44506999,-12.5071221,SIERRA,SELVA,SIERRA-SELVA
49691,80906,80105,80105. Dpto. Cusco   Prov. Cusco   Dist. San Sebastian,2,7,1,3,1,3,2,2,9,2,32,-71.92574638,-13.53325367,-72.44506999,-12.5071221,SIERRA,SELVA,SIERRA-SELVA
49715,80907,50101,50101. Dpto. Ayacucho   Prov. Huamanga   Dist. Ayacucho,-,26,10,6,21,16,4,6,61,10,160,-74.25197809,-13.13475583,-73.63822696,-12.61487922,SIERRA,SELVA,SIERRA-SELVA
49738,80907,50401,50401. Dpto. Ayacucho   Prov. Huanta   Dist. Huanta,-,2,1,1,-,12,2,-,21,3,42,-74.2114593,-12.9120375,-73.63822696,-12.61487922,SIERRA,SELVA,SIERRA-SELVA
49790,80907,50501,50501. Dpto. Ayacucho   Prov. La Mar   Dist. San Miguel,-,-,-,-,4,20,-,-,27,1,52,-73.94265019,-13.03606488,-73.63822696,-12.61487922,SIERRA,SELVA,SIERRA-SELVA
49795,80907,80101,80101. Dpto. Cusco   Prov. Cusco   Dist. Cusco,-,19,1,1,2,5,-,1,7,2,38,-71.9876066,-13.49254085,-73.63822696,-12.61487922,SIERRA,SELVA,SIERRA-SELVA
49796,80907,50508,50508. Dpto. Ayacucho   Prov. La Mar   Dist. Tambo,-,-,1,1,4,19,-,6,18,1,50,-74.02309958,-12.91229551,-73.63822696,-12.61487922,SIERRA,SELVA,SIERRA-SELVA
49871,80908,80101,80101. Dpto. Cusco   Prov. Cusco   Dist. Cusco,-,6,3,2,7,8,3,2,2,1,34,-71.9876066,-13.49254085,-72.73298161,-13.24438226,SIERRA,SELVA,SIERRA-SELVA
50088,80910,50101,50101. Dpto. Ayacucho   Prov. Huamanga   Dist. Ayacucho,1,60,7,6,36,46,9,16,63,10,254,-74.25197809,-13.13475583,-73.81034967,-12.36813918,SIERRA,SELVA,SIERRA-SELVA
50169,80910,50401,50401. Dpto. Ayacucho   Prov. Huanta   Dist. Huanta,-,7,3,-,15,70,4,1,64,8,172,-74.2114593,-12.9120375,-73.81034967,-12.36813918,SIERRA,SELVA,SIERRA-SELVA
50177,80910,50110,50110. Dpto. Ayacucho   Prov. Huamanga   Dist. San Juan Bautista,-,8,2,2,-,5,1,4,12,1,35,-74.21148063,-13.19530335,-73.81034967,-12.36813918,SIERRA,SELVA,SIERRA-SELVA
50224,80910,50508,50508. Dpto. Ayacucho   Prov. La Mar   Dist. Tambo,-,1,1,-,5,36,-,-,34,-,77,-74.02309958,-12.91229551,-73.81034967,-12.36813918,SIERRA,SELVA,SIERRA-SELVA
50297,80910,50501,50501. Dpto. Ayacucho   Prov. La Mar   Dist. San Miguel,-,-,-,1,1,14,-,4,16,-,36,-73.94265019,-13.03606488,-73.81034967,-12.36813918,SIERRA,SELVA,SIERRA-SELVA
50795,81106,80101,80101. Dpto. Cusco   Prov. Cusco   Dist. Cusco,1,12,6,3,6,6,2,8,9,2,55,-71.9876066,-13.49254085,-71.46351682,-13.04505429,SIERRA,SELVA,SIERRA-SELVA
50801,81106,81101,81101. Dpto. Cusco   Prov. Paucartambo   Dist. Paucartambo,-,3,1,1,2,13,1,1,17,-,39,-71.46406073,-13.30137317,-71.46351682,-13.04505429,SIERRA,SELVA,SIERRA-SELVA
57793,100507,100104,100104. Dpto. Huanuco   Prov. Huanuco   Dist. Churubamba,-,-,-,-,-,14,-,-,20,3,37,-76.26573305,-9.68525552,-76.38793565,-9.33124436,SIERRA,SELVA,SIERRA-SELVA
57796,100507,100101,100101. Dpto. Huanuco   Prov. Huanuco   Dist. Huanuco,-,20,4,-,11,22,2,5,42,1,107,-76.29667215,-9.89658248,-76.38793565,-9.33124436,SIERRA,SELVA,SIERRA-SELVA
57818,100507,100503,100503. Dpto. Huanuco   Prov. Huamalies   Dist. Chavin de Pariarca,-,-,-,-,1,5,-,-,39,1,46,-76.7547061,-9.43755795,-76.38793565,-9.33124436,SIERRA,SELVA,SIERRA-SELVA
57824,100507,100504,100504. Dpto. Huanuco   Prov. Huamalies   Dist. Jacas Grande,-,-,-,-,2,13,-,-,47,1,63,-76.6684104,-9.51519575,-76.38793565,-9.33124436,SIERRA,SELVA,SIERRA-SELVA
57836,100507,100510,100510. Dpto. Huanuco   Prov. Huamalies   Dist. Singa,-,-,-,-,1,10,-,-,28,5,44,-76.83530453,-9.36260289,-76.38793565,-9.33124436,SIERRA,SELVA,SIERRA-SELVA
57865,100507,100511,100511. Dpto. Huanuco   Prov. Huamalies   Dist. Tantamayo,-,-,-,-,-,4,-,-,29,-,33,-76.66994911,-9.37563012,-76.38793565,-9.33124436,SIERRA,SELVA,SIERRA-SELVA
57887,100507,100102,100102. Dpto. Huanuco   Prov. Huanuco   Dist. Amarilis,-,9,-,1,4,8,1,1,11,1,36,-76.18822047,-9.95023143,-76.38793565,-9.33124436,SIERRA,SELVA,SIERRA-SELVA
58033,100601,100101,100101. Dpto. Huanuco   Prov. Huanuco   Dist. Huanuco,1,81,32,22,97,34,18,38,111,21,455,-76.29667215,-9.89658248,-76.10410614,-9.19118487,SIERRA,SELVA,SIERRA-SELVA
58119,100601,100109,100109. Dpto. Huanuco   Prov. Huanuco   Dist. Santa Maria Del Valle,-,-,-,-,7,6,-,4,17,-,34,-76.31265765,-9.79339114,-76.10410614,-9.19118487,SIERRA,SELVA,SIERRA-SELVA
58194,100601,100801,100801. Dpto. Huanuco   Prov. Pachitea   Dist. Panao,-,2,1,1,1,12,3,1,24,-,45,-75.89673527,-10.14836804,-76.10410614,-9.19118487,SIERRA,SELVA,SIERRA-SELVA
58237,100601,100103,100103. Dpto. Huanuco   Prov. Huanuco   Dist. Chinchao,-,2,-,1,8,12,5,8,33,-,69,-76.11071466,-9.61537834,-76.10410614,-9.19118487,SIERRA,SELVA,SIERRA-SELVA
58243,100601,120101,120101. Dpto. Junin   Prov. Huancayo   Dist. Huancayo,-,5,4,2,12,-,2,4,12,21,62,-75.07127978,-11.99332312,-76.10410614,-9.19118487,SIERRA,SELVA,SIERRA-SELVA
58247,100601,100104,100104. Dpto. Huanuco   Prov. Huanuco   Dist. Churubamba,-,1,-,-,1,13,-,-,21,-,36,-76.26573305,-9.68525552,-76.10410614,-9.19118487,SIERRA,SELVA,SIERRA-SELVA
58275,100601,100102,100102. Dpto. Huanuco   Prov. Huanuco   Dist. Amarilis,1,29,7,6,27,8,3,19,39,5,144,-76.18822047,-9.95023143,-76.10410614,-9.19118487,SIERRA,SELVA,SIERRA-SELVA
58358,100602,100109,100109. Dpto. Huanuco   Prov. Huanuco   Dist. Santa Maria Del Valle,-,-,-,-,-,21,-,-,32,-,53,-76.31265765,-9.79339114,-75.77516223,-9.36044775,SIERRA,SELVA,SIERRA-SELVA
58359,100602,100104,100104. Dpto. Huanuco   Prov. Huanuco   Dist. Churubamba,-,-,-,-,-,16,-,1,19,-,36,-76.26573305,-9.68525552,-75.77516223,-9.36044775,SIERRA,SELVA,SIERRA-SELVA
58404,100602,100101,100101. Dpto. Huanuco   Prov. Huanuco   Dist. Huanuco,-,5,-,-,-,12,1,1,15,1,35,-76.29667215,-9.89658248,-75.77516223,-9.36044775,SIERRA,SELVA,SIERRA-SELVA
58583,100604,100104,100104. Dpto. Huanuco   Prov. Huanuco   Dist. Churubamba,-,-,-,-,3,62,-,2,77,2,146,-76.26573305,-9.68525552,-76.17767268,-8.93266319,SIERRA,SELVA,SIERRA-SELVA
58608,100604,100801,100801. Dpto. Huanuco   Prov. Pachitea   Dist. Panao,-,1,-,-,4,26,1,1,25,-,58,-75.89673527,-10.14836804,-76.17767268,-8.93266319,SIERRA,SELVA,SIERRA-SELVA
58729,100604,100101,100101. Dpto. Huanuco   Prov. Huanuco   Dist. Huanuco,-,29,4,4,15,70,5,11,115,-,253,-76.29667215,-9.89658248,-76.17767268,-8.93266319,SIERRA,SELVA,SIERRA-SELVA
58739,100604,100109,100109. Dpto. Huanuco   Prov. Huanuco   Dist. Santa Maria Del Valle,-,1,-,-,4,34,-,-,60,-,99,-76.31265765,-9.79339114,-76.17767268,-8.93266319,SIERRA,SELVA,SIERRA-SELVA
58745,100604,100103,100103. Dpto. Huanuco   Prov. Huanuco   Dist. Chinchao,-,1,-,-,3,27,1,2,43,-,77,-76.11071466,-9.61537834,-76.17767268,-8.93266319,SIERRA,SELVA,SIERRA-SELVA
58759,100604,100102,100102. Dpto. Huanuco   Prov. Huanuco   Dist. Amarilis,1,16,2,-,6,21,7,3,29,-,85,-76.18822047,-9.95023143,-76.17767268,-8.93266319,SIERRA,SELVA,SIERRA-SELVA
58873,100605,100101,100101. Dpto. Huanuco   Prov. Huanuco   Dist. Huanuco,-,2,1,-,1,12,3,1,14,-,34,-76.29667215,-9.89658248,-75.95293094,-9.24011651,SIERRA,SELVA,SIERRA-SELVA
58885,100606,100103,100103. Dpto. Huanuco   Prov. Huanuco   Dist. Chinchao,-,-,2,1,1,19,1,1,27,3,55,-76.11071466,-9.61537834,-76.0305661,-9.39464897,SIERRA,SELVA,SIERRA-SELVA
58895,100606,100101,100101. Dpto. Huanuco   Prov. Huanuco   Dist. Huanuco,-,2,2,1,5,8,-,1,11,2,32,-76.29667215,-9.89658248,-76.0305661,-9.39464897,SIERRA,SELVA,SIERRA-SELVA
58901,100606,100801,100801. Dpto. Huanuco   Prov. Pachitea   Dist. Panao,-,-,-,-,-,24,-,-,15,-,39,-75.89673527,-10.14836804,-76.0305661,-9.39464897,SIERRA,SELVA,SIERRA-SELVA
59425,100901,100101,100101. Dpto. Huanuco   Prov. Huanuco   Dist. Huanuco,-,23,3,1,3,2,-,6,4,1,43,-76.29667215,-9.89658248,-74.96684852,-9.2889337,SIERRA,SELVA,SIERRA-SELVA
59526,100902,100101,100101. Dpto. Huanuco   Prov. Huanuco   Dist. Huanuco,-,17,2,3,2,2,-,3,4,-,33,-76.29667215,-9.89658248,-75.46654001,-9.63436388,SIERRA,SELVA,SIERRA-SELVA
69913,120301,100101,100101. Dpto. Huanuco   Prov. Huanuco   Dist. Huanuco,-,6,3,-,3,-,2,5,9,2,30,-76.29667215,-9.89658248,-75.35642731,-11.0327638,SIERRA,SELVA,SIERRA-SELVA
69930,120301,120101,120101. Dpto. Junin   Prov. Huancayo   Dist. Huancayo,-,61,15,26,30,4,9,12,27,20,204,-75.07127978,-11.99332312,-75.35642731,-11.0327638,SIERRA,SELVA,SIERRA-SELVA
69979,120301,120114,120114. Dpto. Junin   Prov. Huancayo   Dist. El Tambo,-,13,4,4,5,-,2,6,4,5,43,-75.16108881,-11.97195525,-75.35642731,-11.0327638,SIERRA,SELVA,SIERRA-SELVA
70145,120301,120701,120701. Dpto. Junin   Prov. Tarma   Dist. Tarma,-,5,6,11,17,5,4,12,13,6,79,-75.75876931,-11.45555677,-75.35642731,-11.0327638,SIERRA,SELVA,SIERRA-SELVA
70201,120302,120114,120114. Dpto. Junin   Prov. Huancayo   Dist. El Tambo,-,6,3,1,5,8,3,5,16,1,48,-75.16108881,-11.97195525,-75.07598403,-10.94019984,SIERRA,SELVA,SIERRA-SELVA
70408,120302,120101,120101. Dpto. Junin   Prov. Huancayo   Dist. Huancayo,-,26,5,2,16,14,6,13,56,8,146,-75.07127978,-11.99332312,-75.07598403,-10.94019984,SIERRA,SELVA,SIERRA-SELVA
70425,120302,120701,120701. Dpto. Junin   Prov. Tarma   Dist. Tarma,-,8,2,1,15,11,8,10,27,3,85,-75.75876931,-11.45555677,-75.07598403,-10.94019984,SIERRA,SELVA,SIERRA-SELVA
70540,120302,100101,100101. Dpto. Huanuco   Prov. Huanuco   Dist. Huanuco,-,-,1,-,6,7,1,2,16,2,35,-76.29667215,-9.89658248,-75.07598403,-10.94019984,SIERRA,SELVA,SIERRA-SELVA
70569,120303,90701,90701. Dpto. Huancavelica   Prov. Tayacaja   Dist. Pampas,-,-,-,1,-,6,-,2,24,-,33,-74.85170101,-12.45134024,-74.86876445,-11.02502886,SIERRA,SELVA,SIERRA-SELVA
70720,120303,120114,120114. Dpto. Junin   Prov. Huancayo   Dist. El Tambo,-,28,6,3,15,5,1,3,11,2,74,-75.16108881,-11.97195525,-74.86876445,-11.02502886,SIERRA,SELVA,SIERRA-SELVA
70736,120303,120101,120101. Dpto. Junin   Prov. Huancayo   Dist. Huancayo,-,31,13,8,21,11,2,6,41,5,138,-75.07127978,-11.99332312,-74.86876445,-11.02502886,SIERRA,SELVA,SIERRA-SELVA
70794,120303,120107,120107. Dpto. Junin   Prov. Huancayo   Dist. Chilca,-,6,2,1,6,4,3,1,9,2,34,-75.18315482,-12.07905105,-74.86876445,-11.02502886,SIERRA,SELVA,SIERRA-SELVA
70798,120303,30201,30201. Dpto. Apurimac   Prov. Andahuaylas   Dist. Andahuaylas,-,1,-,1,3,15,-,-,22,-,42,-73.38797193,-13.76821692,-74.86876445,-11.02502886,SIERRA,SELVA,SIERRA-SELVA
70840,120303,90705,90705. Dpto. Huancavelica   Prov. Tayacaja   Dist. Colcabamba,-,-,-,-,-,6,-,1,23,-,30,-74.70044589,-12.38509632,-74.86876445,-11.02502886,SIERRA,SELVA,SIERRA-SELVA
70890,120303,120701,120701. Dpto. Junin   Prov. Tarma   Dist. Tarma,-,17,3,3,6,6,5,9,19,1,69,-75.75876931,-11.45555677,-74.86876445,-11.02502886,SIERRA,SELVA,SIERRA-SELVA
70891,120303,100101,100101. Dpto. Huanuco   Prov. Huanuco   Dist. Huanuco,-,3,1,-,4,5,2,-,18,1,34,-76.29667215,-9.89658248,-74.86876445,-11.02502886,SIERRA,SELVA,SIERRA-SELVA
71224,120305,120101,120101. Dpto. Junin   Prov. Huancayo   Dist. Huancayo,-,39,11,5,14,7,13,22,15,17,143,-75.07127978,-11.99332312,-75.40509735,-11.15680765,SIERRA,SELVA,SIERRA-SELVA
71231,120305,120701,120701. Dpto. Junin   Prov. Tarma   Dist. Tarma,-,6,5,1,9,6,5,12,21,3,68,-75.75876931,-11.45555677,-75.40509735,-11.15680765,SIERRA,SELVA,SIERRA-SELVA
72988,120601,120101,120101. Dpto. Junin   Prov. Huancayo   Dist. Huancayo,-,110,25,15,30,19,15,29,61,16,320,-75.07127978,-11.99332312,-74.61185603,-11.17960005,SIERRA,SELVA,SIERRA-SELVA
73000,120601,120605,120605. Dpto. Junin   Prov. Satipo   Dist. Pampa Hermosa,-,1,-,1,9,9,5,10,14,-,49,-74.84185967,-11.41376194,-74.61185603,-11.17960005,SIERRA,SELVA,SIERRA-SELVA
73056,120601,120201,120201. Dpto. Junin   Prov. Concepcion   Dist. Concepcion,-,9,1,1,3,8,4,6,7,1,40,-75.31351516,-11.91246164,-74.61185603,-11.17960005,SIERRA,SELVA,SIERRA-SELVA
73067,120601,120114,120114. Dpto. Junin   Prov. Huancayo   Dist. El Tambo,-,29,1,7,10,8,7,4,7,3,76,-75.16108881,-11.97195525,-74.61185603,-11.17960005,SIERRA,SELVA,SIERRA-SELVA
73134,120601,120701,120701. Dpto. Junin   Prov. Tarma   Dist. Tarma,-,11,3,1,12,1,1,7,9,2,47,-75.75876931,-11.45555677,-74.61185603,-11.17960005,SIERRA,SELVA,SIERRA-SELVA
73161,120601,120203,120203. Dpto. Junin   Prov. Concepcion   Dist. Andamarca,-,-,-,-,6,24,2,5,25,-,62,-74.85718695,-11.69635357,-74.61185603,-11.17960005,SIERRA,SELVA,SIERRA-SELVA
73323,120604,120101,120101. Dpto. Junin   Prov. Huancayo   Dist. Huancayo,1,16,3,6,26,22,14,9,28,24,149,-75.07127978,-11.99332312,-74.30963749,-11.36486137,SIERRA,SELVA,SIERRA-SELVA
73324,120604,50101,50101. Dpto. Ayacucho   Prov. Huamanga   Dist. Ayacucho,-,1,-,-,4,3,-,3,8,11,30,-74.25197809,-13.13475583,-74.30963749,-11.36486137,SIERRA,SELVA,SIERRA-SELVA
73480,120604,120901,120901. Dpto. Junin   Prov. Chupaca   Dist. Chupaca,-,5,1,-,5,5,1,1,7,9,34,-75.28611462,-12.07082574,-74.30963749,-11.36486137,SIERRA,SELVA,SIERRA-SELVA
73488,120604,120701,120701. Dpto. Junin   Prov. Tarma   Dist. Tarma,-,5,1,-,9,8,4,5,11,2,45,-75.75876931,-11.45555677,-74.30963749,-11.36486137,SIERRA,SELVA,SIERRA-SELVA
73501,120604,120114,120114. Dpto. Junin   Prov. Huancayo   Dist. El Tambo,-,14,3,2,4,3,4,8,9,2,49,-75.16108881,-11.97195525,-74.30963749,-11.36486137,SIERRA,SELVA,SIERRA-SELVA
73528,120604,120401,120401. Dpto. Junin   Prov. Jauja   Dist. Jauja,-,2,2,-,11,3,8,1,6,2,35,-75.49113779,-11.77408558,-74.30963749,-11.36486137,SIERRA,SELVA,SIERRA-SELVA
73676,120606,120114,120114. Dpto. Junin   Prov. Huancayo   Dist. El Tambo,1,11,1,-,7,3,2,3,13,3,44,-75.16108881,-11.97195525,-74.32224654,-11.76935431,SIERRA,SELVA,SIERRA-SELVA
73781,120606,120203,120203. Dpto. Junin   Prov. Concepcion   Dist. Andamarca,-,-,-,-,2,14,-,3,18,-,37,-74.85718695,-11.69635357,-74.32224654,-11.76935431,SIERRA,SELVA,SIERRA-SELVA
73843,120606,120101,120101. Dpto. Junin   Prov. Huancayo   Dist. Huancayo,1,35,6,2,4,20,7,10,33,5,123,-75.07127978,-11.99332312,-74.32224654,-11.76935431,SIERRA,SELVA,SIERRA-SELVA
73844,120606,50401,50401. Dpto. Ayacucho   Prov. Huanta   Dist. Huanta,-,-,-,-,-,22,-,-,32,1,55,-74.2114593,-12.9120375,-74.32224654,-11.76935431,SIERRA,SELVA,SIERRA-SELVA
73935,120607,120114,120114. Dpto. Junin   Prov. Huancayo   Dist. El Tambo,-,6,1,-,1,1,1,-,18,4,32,-75.16108881,-11.97195525,-74.69096766,-11.10317201,SIERRA,SELVA,SIERRA-SELVA
73943,120607,120101,120101. Dpto. Junin   Prov. Huancayo   Dist. Huancayo,-,15,1,2,-,14,2,2,24,4,64,-75.07127978,-11.99332312,-74.69096766,-11.10317201,SIERRA,SELVA,SIERRA-SELVA
74138,120608,50401,50401. Dpto. Ayacucho   Prov. Huanta   Dist. Huanta,-,-,-,1,3,20,-,1,7,-,32,-74.2114593,-12.9120375,-73.81443511,-11.53100471,SIERRA,SELVA,SIERRA-SELVA
74214,120608,120101,120101. Dpto. Junin   Prov. Huancayo   Dist. Huancayo,1,17,4,1,1,13,1,1,43,2,84,-75.07127978,-11.99332312,-73.81443511,-11.53100471,SIERRA,SELVA,SIERRA-SELVA
74232,120608,50501,50501. Dpto. Ayacucho   Prov. La Mar   Dist. San Miguel,-,-,-,-,2,20,-,-,10,2,34,-73.94265019,-13.03606488,-73.81443511,-11.53100471,SIERRA,SELVA,SIERRA-SELVA
82935,130807,130801,130801. Dpto. La Libertad   Prov. Pataz   Dist. Tayabamba,-,18,1,-,-,12,-,-,7,1,39,-77.25635447,-8.31424349,-77.09246429,-8.20580727,SIERRA,SELVA,SIERRA-SELVA
132154,160101,150719,150719. Dpto. Lima   Prov. Huarochiri   Dist. San Juan de Iris,1,14,5,6,19,-,2,13,19,5,84,-76.46909068,-11.7189686,-73.4328383,-3.78230214,SIERRA,SELVA,SIERRA-SELVA
132402,160101,150732,150732. Dpto. Lima   Prov. Huarochiri   Dist. Surco,-,20,12,15,9,-,3,1,4,34,98,-76.44535866,-11.8771124,-73.4328383,-3.78230214,SIERRA,SELVA,SIERRA-SELVA
132779,160108,150719,150719. Dpto. Lima   Prov. Huarochiri   Dist. San Juan de Iris,-,4,3,2,8,1,5,3,15,2,43,-76.46909068,-11.7189686,-73.4544453,-3.53867544,SIERRA,SELVA,SIERRA-SELVA
133366,160113,150719,150719. Dpto. Lima   Prov. Huarochiri   Dist. San Juan de Iris,1,8,5,2,18,8,6,17,26,11,102,-76.46909068,-11.7189686,-73.66589881,-4.14906484,SIERRA,SELVA,SIERRA-SELVA
135857,170101,40129,40129. Dpto. Arequipa   Prov. Arequipa   Dist. Jose Luis Bustamante Y Rivero,1,8,4,4,3,-,1,3,1,5,30,-71.52347257,-16.43149245,-70.28459131,-12.04858015,SIERRA,SELVA,SIERRA-SELVA
135865,170101,50101,50101. Dpto. Ayacucho   Prov. Huamanga   Dist. Ayacucho,-,2,2,4,4,-,9,4,1,4,30,-74.25197809,-13.13475583,-70.28459131,-12.04858015,SIERRA,SELVA,SIERRA-SELVA
135874,170101,100101,100101. Dpto. Huanuco   Prov. Huanuco   Dist. Huanuco,-,3,7,4,3,-,4,8,5,1,35,-76.29667215,-9.89658248,-70.28459131,-12.04858015,SIERRA,SELVA,SIERRA-SELVA
135878,170101,40112,40112. Dpto. Arequipa   Prov. Arequipa   Dist. Paucarpata,-,7,4,3,8,-,4,7,6,3,42,-71.4779991,-16.42007007,-70.28459131,-12.04858015,SIERRA,SELVA,SIERRA-SELVA
135880,170101,150732,150732. Dpto. Lima   Prov. Huarochiri   Dist. Surco,-,5,4,3,5,-,2,6,4,6,35,-76.44535866,-11.8771124,-70.28459131,-12.04858015,SIERRA,SELVA,SIERRA-SELVA
135906,170101,80108,80108. Dpto. Cusco   Prov. Cusco   Dist. Wanchaq,1,41,16,9,16,-,9,10,17,10,129,-71.95120435,-13.53128184,-70.28459131,-12.04858015,SIERRA,SELVA,SIERRA-SELVA
135916,170101,80101,80101. Dpto. Cusco   Prov. Cusco   Dist. Cusco,7,89,51,54,131,13,79,103,142,45,714,-71.9876066,-13.49254085,-70.28459131,-12.04858015,SIERRA,SELVA,SIERRA-SELVA
135950,170101,81301,81301. Dpto. Cusco   Prov. Urubamba   Dist. Urubamba,-,2,1,3,8,2,6,9,13,1,45,-72.13126781,-13.24494357,-70.28459131,-12.04858015,SIERRA,SELVA,SIERRA-SELVA
135981,170101,80105,80105. Dpto. Cusco   Prov. Cusco   Dist. San Sebastian,-,18,10,13,36,1,22,25,43,11,179,-71.92574638,-13.53325367,-70.28459131,-12.04858015,SIERRA,SELVA,SIERRA-SELVA
136008,170101,80201,80201. Dpto. Cusco   Prov. Acomayo   Dist. Acomayo,-,1,-,1,14,2,7,9,13,2,49,-71.67247761,-13.89315154,-70.28459131,-12.04858015,SIERRA,SELVA,SIERRA-SELVA
136040,170101,40104,40104. Dpto. Arequipa   Prov. Arequipa   Dist. Cerro Colorado,-,5,3,1,8,-,3,7,5,3,35,-71.57659931,-16.30446531,-70.28459131,-12.04858015,SIERRA,SELVA,SIERRA-SELVA
136071,170101,81201,81201. Dpto. Cusco   Prov. Quispicanchi   Dist. Urcos,-,1,2,2,10,4,6,2,21,-,48,-71.59913886,-13.68787434,-70.28459131,-12.04858015,SIERRA,SELVA,SIERRA-SELVA
136097,170101,40103,40103. Dpto. Arequipa   Prov. Arequipa   Dist. Cayma,-,5,4,2,6,-,-,3,9,2,31,-71.45696154,-16.25268575,-70.28459131,-12.04858015,SIERRA,SELVA,SIERRA-SELVA
136192,170101,80601,80601. Dpto. Cusco   Prov. Canchis   Dist. Sicuani,1,11,4,2,32,4,18,52,34,8,166,-71.10360857,-14.25101723,-70.28459131,-12.04858015,SIERRA,SELVA,SIERRA-SELVA
136234,170101,210101,210101. Dpto. Puno   Prov. Puno   Dist. Puno,-,19,8,5,24,-,9,10,19,4,98,-70.06367703,-15.9050032,-70.28459131,-12.04858015,SIERRA,SELVA,SIERRA-SELVA
136242,170101,80401,80401. Dpto. Cusco   Prov. Calca   Dist. Calca,-,-,4,3,17,3,3,13,13,2,58,-71.95777705,-13.26872231,-70.28459131,-12.04858015,SIERRA,SELVA,SIERRA-SELVA
136266,170101,40102,40102. Dpto. Arequipa   Prov. Arequipa   Dist. Alto Selva Alegre,-,3,-,3,9,-,2,5,6,3,31,-71.48585714,-16.33096183,-70.28459131,-12.04858015,SIERRA,SELVA,SIERRA-SELVA
136299,170101,211101,211101. Dpto. Puno   Prov. San Roman   Dist. Juliaca,-,10,9,5,40,1,10,31,30,3,139,-70.21552891,-15.45987404,-70.28459131,-12.04858015,SIERRA,SELVA,SIERRA-SELVA
136315,170101,40101,40101. Dpto. Arequipa   Prov. Arequipa   Dist. Arequipa,1,39,24,16,35,1,18,31,35,18,218,-71.53845959,-16.40665825,-70.28459131,-12.04858015,SIERRA,SELVA,SIERRA-SELVA
136323,170101,80106,80106. Dpto. Cusco   Prov. Cusco   Dist. Santiago,-,21,9,11,47,6,22,32,34,12,194,-71.97854374,-13.57304538,-70.28459131,-12.04858015,SIERRA,SELVA,SIERRA-SELVA
136328,170101,30101,30101. Dpto. Apurimac   Prov. Abancay   Dist. Abancay,-,4,7,4,21,6,14,15,28,8,107,-72.87161162,-13.63584151,-70.28459131,-12.04858015,SIERRA,SELVA,SIERRA-SELVA
136358,170101,80104,80104. Dpto. Cusco   Prov. Cusco   Dist. San JerÃ³nimo,-,3,5,2,9,2,7,16,9,2,55,-71.86742424,-13.55741089,-70.28459131,-12.04858015,SIERRA,SELVA,SIERRA-SELVA
136368,170102,80106,80106. Dpto. Cusco   Prov. Cusco   Dist. Santiago,-,1,3,2,11,-,2,10,19,6,54,-71.97854374,-13.57304538,-69.93884485,-12.97674433,SIERRA,SELVA,SIERRA-SELVA
136381,170102,81210,81210. Dpto. Cusco   Prov. Quispicanchi   Dist. Ocongate,-,-,-,-,11,4,1,2,13,-,31,-71.26896133,-13.68767485,-69.93884485,-12.97674433,SIERRA,SELVA,SIERRA-SELVA
136405,170102,80601,80601. Dpto. Cusco   Prov. Canchis   Dist. Sicuani,-,7,-,2,11,9,3,19,34,3,88,-71.10360857,-14.25101723,-69.93884485,-12.97674433,SIERRA,SELVA,SIERRA-SELVA
136407,170102,80104,80104. Dpto. Cusco   Prov. Cusco   Dist. San JerÃ³nimo,-,-,5,-,4,1,2,7,10,1,30,-71.86742424,-13.55741089,-69.93884485,-12.97674433,SIERRA,SELVA,SIERRA-SELVA
136419,170102,81201,81201. Dpto. Cusco   Prov. Quispicanchi   Dist. Urcos,-,2,1,-,3,4,6,11,12,2,41,-71.59913886,-13.68787434,-69.93884485,-12.97674433,SIERRA,SELVA,SIERRA-SELVA
136433,170102,40101,40101. Dpto. Arequipa   Prov. Arequipa   Dist. Arequipa,-,4,1,1,7,-,4,6,8,1,32,-71.53845959,-16.40665825,-69.93884485,-12.97674433,SIERRA,SELVA,SIERRA-SELVA
136448,170102,211101,211101. Dpto. Puno   Prov. San Roman   Dist. Juliaca,-,-,4,1,16,5,5,16,21,-,68,-70.21552891,-15.45987404,-69.93884485,-12.97674433,SIERRA,SELVA,SIERRA-SELVA
136640,170102,80101,80101. Dpto. Cusco   Prov. Cusco   Dist. Cusco,-,9,9,5,27,7,8,36,38,2,141,-71.9876066,-13.49254085,-69.93884485,-12.97674433,SIERRA,SELVA,SIERRA-SELVA
136665,170102,80105,80105. Dpto. Cusco   Prov. Cusco   Dist. San Sebastian,-,-,6,2,10,-,6,17,18,3,62,-71.92574638,-13.53325367,-69.93884485,-12.97674433,SIERRA,SELVA,SIERRA-SELVA
136913,170104,80101,80101. Dpto. Cusco   Prov. Cusco   Dist. Cusco,1,4,-,-,12,2,8,5,19,4,55,-71.9876066,-13.49254085,-69.92336061,-12.51332858,SIERRA,SELVA,SIERRA-SELVA
136985,170201,80101,80101. Dpto. Cusco   Prov. Cusco   Dist. Cusco,-,7,2,-,2,5,2,2,11,2,33,-71.9876066,-13.49254085,-71.51836448,-12.36200554,SIERRA,SELVA,SIERRA-SELVA
137107,170203,80104,80104. Dpto. Cusco   Prov. Cusco   Dist. San JerÃ³nimo,-,1,1,1,10,1,5,2,21,-,42,-71.86742424,-13.55741089,-70.67537252,-12.6295435,SIERRA,SELVA,SIERRA-SELVA
137133,170203,30101,30101. Dpto. Apurimac   Prov. Abancay   Dist. Abancay,-,-,2,1,15,2,13,3,24,1,61,-72.87161162,-13.63584151,-70.67537252,-12.6295435,SIERRA,SELVA,SIERRA-SELVA
137194,170203,81201,81201. Dpto. Cusco   Prov. Quispicanchi   Dist. Urcos,-,-,-,-,11,1,4,3,32,1,52,-71.59913886,-13.68787434,-70.67537252,-12.6295435,SIERRA,SELVA,SIERRA-SELVA
137212,170203,80601,80601. Dpto. Cusco   Prov. Canchis   Dist. Sicuani,-,4,4,-,22,-,12,12,39,4,97,-71.10360857,-14.25101723,-70.67537252,-12.6295435,SIERRA,SELVA,SIERRA-SELVA
137214,170203,80106,80106. Dpto. Cusco   Prov. Cusco   Dist. Santiago,-,1,1,2,24,-,11,5,58,6,108,-71.97854374,-13.57304538,-70.67537252,-12.6295435,SIERRA,SELVA,SIERRA-SELVA
137221,170203,80105,80105. Dpto. Cusco   Prov. Cusco   Dist. San Sebastian,-,-,3,2,22,-,10,12,37,1,87,-71.92574638,-13.53325367,-70.67537252,-12.6295435,SIERRA,SELVA,SIERRA-SELVA
137258,170203,80401,80401. Dpto. Cusco   Prov. Calca   Dist. Calca,-,-,2,2,27,-,6,3,35,2,77,-71.95777705,-13.26872231,-70.67537252,-12.6295435,SIERRA,SELVA,SIERRA-SELVA
137292,170203,40101,40101. Dpto. Arequipa   Prov. Arequipa   Dist. Arequipa,-,1,3,1,5,-,10,6,16,4,46,-71.53845959,-16.40665825,-70.67537252,-12.6295435,SIERRA,SELVA,SIERRA-SELVA
137293,170203,210101,210101. Dpto. Puno   Prov. Puno   Dist. Puno,-,1,3,-,17,1,6,6,11,2,47,-70.06367703,-15.9050032,-70.67537252,-12.6295435,SIERRA,SELVA,SIERRA-SELVA
137330,170203,211101,211101. Dpto. Puno   Prov. San Roman   Dist. Juliaca,1,4,11,1,29,1,8,9,28,2,94,-70.21552891,-15.45987404,-70.67537252,-12.6295435,SIERRA,SELVA,SIERRA-SELVA
137337,170203,80101,80101. Dpto. Cusco   Prov. Cusco   Dist. Cusco,-,4,13,4,56,3,36,16,68,8,208,-71.9876066,-13.49254085,-70.67537252,-12.6295435,SIERRA,SELVA,SIERRA-SELVA
137359,170204,80101,80101. Dpto. Cusco   Prov. Cusco   Dist. Cusco,-,8,3,3,35,3,20,14,36,8,130,-71.9876066,-13.49254085,-70.65207806,-13.00314984,SIERRA,SELVA,SIERRA-SELVA
137383,170204,40101,40101. Dpto. Arequipa   Prov. Arequipa   Dist. Arequipa,-,5,1,2,8,1,4,6,7,6,40,-71.53845959,-16.40665825,-70.65207806,-13.00314984,SIERRA,SELVA,SIERRA-SELVA
137387,170204,211202,211202. Dpto. Puno   Prov. Sandia   Dist. Cuyocuyo,-,1,-,-,3,1,1,6,12,6,30,-69.55766801,-14.52381412,-70.65207806,-13.00314984,SIERRA,SELVA,SIERRA-SELVA
137434,170204,80106,80106. Dpto. Cusco   Prov. Cusco   Dist. Santiago,-,2,3,1,6,-,4,3,16,3,38,-71.97854374,-13.57304538,-70.65207806,-13.00314984,SIERRA,SELVA,SIERRA-SELVA
137482,170204,211101,211101. Dpto. Puno   Prov. San Roman   Dist. Juliaca,-,1,7,-,12,-,12,7,16,10,65,-70.21552891,-15.45987404,-70.65207806,-13.00314984,SIERRA,SELVA,SIERRA-SELVA
137541,170204,80601,80601. Dpto. Cusco   Prov. Canchis   Dist. Sicuani,-,12,2,1,21,2,21,22,59,13,153,-71.10360857,-14.25101723,-70.65207806,-13.00314984,SIERRA,SELVA,SIERRA-SELVA
137549,170204,80105,80105. Dpto. Cusco   Prov. Cusco   Dist. San Sebastian,-,-,5,2,9,-,7,6,11,2,42,-71.92574638,-13.53325367,-70.65207806,-13.00314984,SIERRA,SELVA,SIERRA-SELVA
137785,170302,80101,80101. Dpto. Cusco   Prov. Cusco   Dist. Cusco,1,4,6,1,8,1,1,21,20,5,68,-71.9876066,-13.49254085,-69.67927263,-11.43509374,SIERRA,SELVA,SIERRA-SELVA
141663,190301,190101,190101. Dpto. Pasco   Prov. Pasco   Dist. Chaupimarca,-,13,2,5,2,7,-,1,4,-,34,-76.24658873,-10.70116949,-75.37082171,-10.65041891,SIERRA,SELVA,SIERRA-SELVA
141667,190301,120701,120701. Dpto. Junin   Prov. Tarma   Dist. Tarma,-,4,5,1,6,1,4,2,8,-,31,-75.75876931,-11.45555677,-75.37082171,-10.65041891,SIERRA,SELVA,SIERRA-SELVA
141731,190301,190302,190302. Dpto. Pasco   Prov. Oxapampa   Dist. Chontabamba,-,3,2,1,2,9,4,2,16,-,39,-75.50633907,-10.62331988,-75.37082171,-10.65041891,SIERRA,SELVA,SIERRA-SELVA
141772,190301,120101,120101. Dpto. Junin   Prov. Huancayo   Dist. Huancayo,-,15,5,1,5,1,5,3,4,3,42,-75.07127978,-11.99332312,-75.37082171,-10.65041891,SIERRA,SELVA,SIERRA-SELVA
142116,190305,100801,100801. Dpto. Huanuco   Prov. Pachitea   Dist. Panao,-,1,-,-,1,29,-,-,34,2,67,-75.89673527,-10.14836804,-75.5862738,-10.13272834,SIERRA,SELVA,SIERRA-SELVA
142184,190306,120101,120101. Dpto. Junin   Prov. Huancayo   Dist. Huancayo,-,10,1,2,5,6,3,1,6,5,39,-75.07127978,-11.99332312,-74.63673592,-10.41402338,SIERRA,SELVA,SIERRA-SELVA
142218,190306,190101,190101. Dpto. Pasco   Prov. Pasco   Dist. Chaupimarca,-,27,1,-,-,5,-,-,2,1,36,-76.24658873,-10.70116949,-74.63673592,-10.41402338,SIERRA,SELVA,SIERRA-SELVA
142245,190306,100101,100101. Dpto. Huanuco   Prov. Huanuco   Dist. Huanuco,-,4,1,5,5,4,2,3,6,1,31,-76.29667215,-9.89658248,-74.63673592,-10.41402338,SIERRA,SELVA,SIERRA-SELVA
142412,190307,30201,30201. Dpto. Apurimac   Prov. Andahuaylas   Dist. Andahuaylas,-,-,-,-,3,3,-,3,31,-,40,-73.38797193,-13.76821692,-75.1759208,-10.63411257,SIERRA,SELVA,SIERRA-SELVA
142533,190307,120101,120101. Dpto. Junin   Prov. Huancayo   Dist. Huancayo,1,6,1,2,11,3,1,3,13,2,43,-75.07127978,-11.99332312,-75.1759208,-10.63411257,SIERRA,SELVA,SIERRA-SELVA
149772,210309,211101,211101. Dpto. Puno   Prov. San Roman   Dist. Juliaca,-,10,3,1,9,11,2,33,36,1,106,-70.21552891,-15.45987404,-70.39487063,-13.52405164,SIERRA,SELVA,SIERRA-SELVA
152958,211209,211201,211201. Dpto. Puno   Prov. Sandia   Dist. Sandia,-,14,4,-,5,49,8,2,79,2,163,-69.43696046,-14.29193128,-69.33441866,-14.03197955,SIERRA,SELVA,SIERRA-SELVA
152981,211209,211204,211204. Dpto. Puno   Prov. Sandia   Dist. Patambuco,-,-,-,-,1,25,1,1,14,-,42,-69.6312351,-14.31010689,-69.33441866,-14.03197955,SIERRA,SELVA,SIERRA-SELVA
153002,211209,211101,211101. Dpto. Puno   Prov. San Roman   Dist. Juliaca,-,16,6,1,1,11,3,4,18,-,60,-70.21552891,-15.45987404,-69.33441866,-14.03197955,SIERRA,SELVA,SIERRA-SELVA
153027,211210,210904,210904. Dpto. Puno   Prov. Moho   Dist. Tilali,-,-,-,1,3,20,-,-,30,-,54,-69.34207743,-15.49167843,-69.14799036,-13.54863521,SIERRA,SELVA,SIERRA-SELVA
153040,211210,210601,210601. Dpto. Puno   Prov. Huancane   Dist. Huancane,-,2,-,1,-,17,-,-,14,-,34,-69.80902012,-15.18320788,-69.14799036,-13.54863521,SIERRA,SELVA,SIERRA-SELVA
153055,211210,210901,210901. Dpto. Puno   Prov. Moho   Dist. Moho,-,-,-,-,-,27,-,-,22,-,49,-69.44760794,-15.35080169,-69.14799036,-13.54863521,SIERRA,SELVA,SIERRA-SELVA
153084,211210,210101,210101. Dpto. Puno   Prov. Puno   Dist. Puno,-,14,-,-,1,11,-,-,6,2,34,-70.06367703,-15.9050032,-69.14799036,-13.54863521,SIERRA,SELVA,SIERRA-SELVA
153112,211210,211101,211101. Dpto. Puno   Prov. San Roman   Dist. Juliaca,-,15,2,3,5,34,5,6,29,1,100,-70.21552891,-15.45987404,-69.14799036,-13.54863521,SIERRA,SELVA,SIERRA-SELVA
153117,211210,210902,210902. Dpto. Puno   Prov. Moho   Dist. Conima,-,-,-,1,1,14,-,-,16,-,32,-69.41204351,-15.44930463,-69.14799036,-13.54863521,SIERRA,SELVA,SIERRA-SELVA
153348,220101,60401,60401. Dpto. Cajamarca   Prov. Chota   Dist. Chota,-,4,5,1,3,13,5,-,21,1,53,-78.64262591,-6.56002952,-77.17000495,-5.76828169,SIERRA,SELVA,SIERRA-SELVA
153372,220101,10101,10101. Dpto. Amazonas   Prov. Chachapoyas   Dist. Chachapoyas,-,2,3,-,5,5,-,7,15,1,38,-77.85649173,-6.24773573,-77.17000495,-5.76828169,SIERRA,SELVA,SIERRA-SELVA
153388,220101,60101,60101. Dpto. Cajamarca   Prov. Cajamarca   Dist. Cajamarca,-,7,1,3,4,11,4,1,7,2,40,-78.56108812,-7.07751247,-77.17000495,-5.76828169,SIERRA,SELVA,SIERRA-SELVA
153407,220101,200304,200304. Dpto. Piura   Prov. Huancabamba   Dist. Huarmaca,-,-,1,1,9,102,2,4,48,2,169,-79.56099334,-5.69472861,-77.17000495,-5.76828169,SIERRA,SELVA,SIERRA-SELVA
153636,220101,60601,60601. Dpto. Cajamarca   Prov. Cutervo   Dist. Cutervo,-,4,-,-,1,29,-,-,32,1,67,-78.83296121,-6.38002946,-77.17000495,-5.76828169,SIERRA,SELVA,SIERRA-SELVA
153969,220104,200304,200304. Dpto. Piura   Prov. Huancabamba   Dist. Huarmaca,-,-,-,-,1,23,-,-,42,-,66,-79.56099334,-5.69472861,-76.92180207,-6.17353785,SIERRA,SELVA,SIERRA-SELVA
153987,220104,140202,140202. Dpto. Lambayeque   Prov. FerreÃ±afe   Dist. CaÃ±aris,-,-,-,-,-,20,-,-,13,-,33,-79.30468893,-6.06021534,-76.92180207,-6.17353785,SIERRA,SELVA,SIERRA-SELVA
154028,220104,60601,60601. Dpto. Cajamarca   Prov. Cutervo   Dist. Cutervo,-,-,-,-,1,30,1,-,11,5,48,-78.83296121,-6.38002946,-76.92180207,-6.17353785,SIERRA,SELVA,SIERRA-SELVA
154100,220105,60614,60614. Dpto. Cajamarca   Prov. Cutervo   Dist. Socota,-,-,-,-,-,25,-,-,28,1,54,-78.69685794,-6.28747259,-77.05414252,-6.27274273,SIERRA,SELVA,SIERRA-SELVA
154114,220105,200206,200206. Dpto. Piura   Prov. Ayabaca   Dist. Pacaipampa,-,-,-,-,1,20,-,-,9,2,32,-79.64887243,-4.94646608,-77.05414252,-6.27274273,SIERRA,SELVA,SIERRA-SELVA
154739,220203,200206,200206. Dpto. Piura   Prov. Ayabaca   Dist. Pacaipampa,-,-,-,-,3,26,-,-,11,-,40,-79.64887243,-4.94646608,-76.34136014,-7.18416141,SIERRA,SELVA,SIERRA-SELVA
154840,220203,200304,200304. Dpto. Piura   Prov. Huancabamba   Dist. Huarmaca,-,-,-,-,3,70,-,-,43,2,118,-79.56099334,-5.69472861,-76.34136014,-7.18416141,SIERRA,SELVA,SIERRA-SELVA
155387,220303,200307,200307. Dpto. Piura   Prov. Huancabamba   Dist. Sondor,-,-,-,-,1,34,-,-,21,-,56,-79.36245814,-5.4034943,-76.83734095,-6.42328606,SIERRA,SELVA,SIERRA-SELVA
155436,220303,200304,200304. Dpto. Piura   Prov. Huancabamba   Dist. Huarmaca,-,-,-,-,3,71,-,-,63,-,137,-79.56099334,-5.69472861,-76.83734095,-6.42328606,SIERRA,SELVA,SIERRA-SELVA
156424,220502,60417,60417. Dpto. Cajamarca   Prov. Chota   Dist. Tacabamba,-,-,-,-,-,14,1,-,16,-,31,-78.55611135,-6.39870169,-76.77295414,-6.31131768,SIERRA,SELVA,SIERRA-SELVA
156485,220502,60601,60601. Dpto. Cajamarca   Prov. Cutervo   Dist. Cutervo,-,-,-,-,1,28,1,-,19,-,49,-78.83296121,-6.38002946,-76.77295414,-6.31131768,SIERRA,SELVA,SIERRA-SELVA
156504,220502,200304,200304. Dpto. Piura   Prov. Huancabamba   Dist. Huarmaca,-,-,-,-,2,32,-,-,21,-,55,-79.56099334,-5.69472861,-76.77295414,-6.31131768,SIERRA,SELVA,SIERRA-SELVA
158626,220708,200304,200304. Dpto. Piura   Prov. Huancabamba   Dist. Huarmaca,-,-,-,-,-,33,-,-,18,4,55,-79.56099334,-5.69472861,-76.09455929,-7.05176863,SIERRA,SELVA,SIERRA-SELVA
159182,220802,60601,60601. Dpto. Cajamarca   Prov. Cutervo   Dist. Cutervo,-,-,-,-,-,16,-,-,12,2,30,-78.83296121,-6.38002946,-77.43650731,-5.85918841,SIERRA,SELVA,SIERRA-SELVA
159447,220804,60601,60601. Dpto. Cajamarca   Prov. Cutervo   Dist. Cutervo,-,3,-,-,3,19,3,4,14,6,52,-78.83296121,-6.38002946,-77.37224525,-5.94435712,SIERRA,SELVA,SIERRA-SELVA
159494,220804,60101,60101. Dpto. Cajamarca   Prov. Cajamarca   Dist. Cajamarca,-,5,1,-,3,10,2,2,8,-,31,-78.56108812,-7.07751247,-77.37224525,-5.94435712,SIERRA,SELVA,SIERRA-SELVA
159857,220805,60601,60601. Dpto. Cajamarca   Prov. Cutervo   Dist. Cutervo,-,3,-,-,3,16,-,1,10,1,34,-78.83296121,-6.38002946,-77.63414646,-5.74870971,SIERRA,SELVA,SIERRA-SELVA
160366,220901,150732,150732. Dpto. Lima   Prov. Huarochiri   Dist. Surco,-,14,5,2,3,1,-,2,5,2,34,-76.44535866,-11.8771124,-76.3696662,-6.49414473,SIERRA,SELVA,SIERRA-SELVA
160425,220901,10101,10101. Dpto. Amazonas   Prov. Chachapoyas   Dist. Chachapoyas,-,1,1,3,9,-,2,7,7,1,31,-77.85649173,-6.24773573,-76.3696662,-6.49414473,SIERRA,SELVA,SIERRA-SELVA
160455,220901,60101,60101. Dpto. Cajamarca   Prov. Cajamarca   Dist. Cajamarca,-,7,2,5,6,-,5,2,5,3,35,-78.56108812,-7.07751247,-76.3696662,-6.49414473,SIERRA,SELVA,SIERRA-SELVA
161893,221001,100101,100101. Dpto. Huanuco   Prov. Huanuco   Dist. Huanuco,1,26,7,1,10,4,3,4,10,6,72,-76.29667215,-9.89658248,-76.54623124,-8.27741495,SIERRA,SELVA,SIERRA-SELVA
161979,221001,130801,130801. Dpto. La Libertad   Prov. Pataz   Dist. Tayabamba,-,2,-,-,-,19,-,-,15,-,36,-77.25635447,-8.31424349,-76.54623124,-8.27741495,SIERRA,SELVA,SIERRA-SELVA
162096,221002,100101,100101. Dpto. Huanuco   Prov. Huanuco   Dist. Huanuco,-,13,2,1,2,17,2,1,14,1,53,-76.29667215,-9.89658248,-76.21234753,-8.5264574,SIERRA,SELVA,SIERRA-SELVA
162208,221002,100103,100103. Dpto. Huanuco   Prov. Huanuco   Dist. Chinchao,-,-,-,-,1,23,-,-,7,-,31,-76.11071466,-9.61537834,-76.21234753,-8.5264574,SIERRA,SELVA,SIERRA-SELVA
162552,221004,130801,130801. Dpto. La Libertad   Prov. Pataz   Dist. Tayabamba,-,-,-,-,3,8,4,6,17,1,39,-77.25635447,-8.31424349,-76.87670308,-8.42326215,SIERRA,SELVA,SIERRA-SELVA
162583,221005,120101,120101. Dpto. Junin   Prov. Huancayo   Dist. Huancayo,-,1,-,-,3,2,1,1,6,20,34,-75.07127978,-11.99332312,-76.39767492,-8.35834292,SIERRA,SELVA,SIERRA-SELVA
162597,221005,60201,60201. Dpto. Cajamarca   Prov. Cajabamba   Dist. Cajabamba,-,-,-,-,-,2,-,-,59,-,61,-78.03214811,-7.63145073,-76.39767492,-8.35834292,SIERRA,SELVA,SIERRA-SELVA
162635,221005,50101,50101. Dpto. Ayacucho   Prov. Huamanga   Dist. Ayacucho,-,-,-,2,-,-,-,2,-,29,33,-74.25197809,-13.13475583,-76.39767492,-8.35834292,SIERRA,SELVA,SIERRA-SELVA
162736,221005,60401,60401. Dpto. Cajamarca   Prov. Chota   Dist. Chota,-,-,-,-,-,1,-,-,42,-,43,-78.64262591,-6.56002952,-76.39767492,-8.35834292,SIERRA,SELVA,SIERRA-SELVA
162757,221005,100101,100101. Dpto. Huanuco   Prov. Huanuco   Dist. Huanuco,1,15,1,1,6,4,4,9,17,41,99,-76.29667215,-9.89658248,-76.39767492,-8.35834292,SIERRA,SELVA,SIERRA-SELVA
162815,221005,100701,100701. Dpto. Huanuco   Prov. MaraÃ±on   Dist. Huacrachuco,-,-,-,-,3,22,3,2,201,1,232,-77.17305257,-8.60482186,-76.39767492,-8.35834292,SIERRA,SELVA,SIERRA-SELVA
162897,221005,100102,100102. Dpto. Huanuco   Prov. Huanuco   Dist. Amarilis,-,5,1,-,3,2,1,1,20,17,50,-76.18822047,-9.95023143,-76.39767492,-8.35834292,SIERRA,SELVA,SIERRA-SELVA
166826,250101,120114,120114. Dpto. Junin   Prov. Huancayo   Dist. El Tambo,-,7,2,6,6,3,1,8,5,4,42,-75.16108881,-11.97195525,-74.16019346,-7.9650546,SIERRA,SELVA,SIERRA-SELVA
166835,250101,100101,100101. Dpto. Huanuco   Prov. Huanuco   Dist. Huanuco,2,56,20,18,90,8,18,32,64,21,329,-76.29667215,-9.89658248,-74.16019346,-7.9650546,SIERRA,SELVA,SIERRA-SELVA
167087,250101,120101,120101. Dpto. Junin   Prov. Huancayo   Dist. Huancayo,-,11,10,3,23,2,5,4,12,7,77,-75.07127978,-11.99332312,-74.16019346,-7.9650546,SIERRA,SELVA,SIERRA-SELVA
167152,250101,150732,150732. Dpto. Lima   Prov. Huarochiri   Dist. Surco,2,13,12,7,7,1,5,5,1,4,57,-76.44535866,-11.8771124,-74.16019346,-7.9650546,SIERRA,SELVA,SIERRA-SELVA
167211,250101,100102,100102. Dpto. Huanuco   Prov. Huanuco   Dist. Amarilis,-,19,6,2,27,-,5,7,13,5,84,-76.18822047,-9.95023143,-74.16019346,-7.9650546,SIERRA,SELVA,SIERRA-SELVA
167459,250105,100102,100102. Dpto. Huanuco   Prov. Huanuco   Dist. Amarilis,-,6,3,3,8,1,8,19,3,-,51,-76.18822047,-9.95023143,-74.65669895,-8.24849719,SIERRA,SELVA,SIERRA-SELVA
167539,250105,100101,100101. Dpto. Huanuco   Prov. Huanuco   Dist. Huanuco,-,26,7,10,31,5,13,40,22,4,158,-76.29667215,-9.89658248,-74.65669895,-8.24849719,SIERRA,SELVA,SIERRA-SELVA
168024,250107,100102,100102. Dpto. Huanuco   Prov. Huanuco   Dist. Amarilis,-,6,1,1,8,2,4,5,5,-,32,-76.18822047,-9.95023143,-74.50916082,-8.53844581,SIERRA,SELVA,SIERRA-SELVA
168090,250107,100101,100101. Dpto. Huanuco   Prov. Huanuco   Dist. Huanuco,-,7,4,4,11,4,3,12,8,2,55,-76.29667215,-9.89658248,-74.50916082,-8.53844581,SIERRA,SELVA,SIERRA-SELVA
168518,250301,100103,100103. Dpto. Huanuco   Prov. Huanuco   Dist. Chinchao,-,1,-,-,2,24,1,1,17,2,48,-76.11071466,-9.61537834,-75.62595461,-8.89861017,SIERRA,SELVA,SIERRA-SELVA
168581,250301,100801,100801. Dpto. Huanuco   Prov. Pachitea   Dist. Panao,-,-,-,-,2,21,2,1,20,1,47,-75.89673527,-10.14836804,-75.62595461,-8.89861017,SIERRA,SELVA,SIERRA-SELVA
168582,250301,100109,100109. Dpto. Huanuco   Prov. Huanuco   Dist. Santa Maria Del Valle,-,-,1,-,1,24,2,-,16,1,45,-76.31265765,-9.79339114,-75.62595461,-8.89861017,SIERRA,SELVA,SIERRA-SELVA
168589,250301,100104,100104. Dpto. Huanuco   Prov. Huanuco   Dist. Churubamba,-,-,-,-,6,22,2,3,19,2,54,-76.26573305,-9.68525552,-75.62595461,-8.89861017,SIERRA,SELVA,SIERRA-SELVA
168673,250301,100101,100101. Dpto. Huanuco   Prov. Huanuco   Dist. Huanuco,-,23,3,9,22,61,4,25,65,6,218,-76.29667215,-9.89658248,-75.62595461,-8.89861017,SIERRA,SELVA,SIERRA-SELVA
168718,250301,100102,100102. Dpto. Huanuco   Prov. Huanuco   Dist. Amarilis,-,10,6,4,7,5,1,5,14,1,53,-76.18822047,-9.95023143,-75.62595461,-8.89861017,SIERRA,SELVA,SIERRA-SELVA
168736,250301,120101,120101. Dpto. Junin   Prov. Huancayo   Dist. Huancayo,-,6,3,1,2,-,3,6,6,3,30,-75.07127978,-11.99332312,-75.62595461,-8.89861017,SIERRA,SELVA,SIERRA-SELVA
168943,250302,100102,100102. Dpto. Huanuco   Prov. Huanuco   Dist. Amarilis,-,3,2,2,2,5,-,9,8,-,31,-76.18822047,-9.95023143,-75.27991842,-8.95051641,SIERRA,SELVA,SIERRA-SELVA
168959,250302,100801,100801. Dpto. Huanuco   Prov. Pachitea   Dist. Panao,-,-,1,-,-,17,-,1,16,1,36,-75.89673527,-10.14836804,-75.27991842,-8.95051641,SIERRA,SELVA,SIERRA-SELVA
169005,250302,100101,100101. Dpto. Huanuco   Prov. Huanuco   Dist. Huanuco,-,9,2,2,8,39,4,12,24,3,103,-76.29667215,-9.89658248,-75.27991842,-8.95051641,SIERRA,SELVA,SIERRA-SELVA
169024,250302,100103,100103. Dpto. Huanuco   Prov. Huanuco   Dist. Chinchao,-,-,1,-,1,18,2,-,10,1,33,-76.11071466,-9.61537834,-75.27991842,-8.95051641,SIERRA,SELVA,SIERRA-SELVA
